[
  {
    "id": 1,
    "fileURL": "i1.jpg",
    "fileName": "DesignDoc.pdf",
    "taskId": 1,
    "uploadedById": 1
  },
  {
    "id": 2,
    "fileURL": "i2.jpg",
    "fileName": "NavAlgorithm.pdf",
    "taskId": 2,
    "uploadedById": 3
  },
  {
    "id": 3,
    "fileURL": "i3.jpg",
    "fileName": "EnergySolutions.pdf",
    "taskId": 3,
    "uploadedById": 5
  },
  {
    "id": 4,
    "fileURL": "i4.jpg",
    "fileName": "SoftwareWorkflow.pdf",
    "taskId": 4,
    "uploadedById": 7
  },
  {
    "id": 5,
    "fileURL": "i5.jpg",
    "fileName": "AIPredictions.pdf",
    "taskId": 5,
    "uploadedById": 9
  },
  {
    "id": 6,
    "fileURL": "i6.jpg",
    "fileName": "BiotechTest.pdf",
    "taskId": 6,
    "uploadedById": 11
  },
  {
    "id": 7,
    "fileURL": "i7.jpg",
    "fileName": "GolfAI.pdf",
    "taskId": 7,
    "uploadedById": 13
  },
  {
    "id": 8,
    "fileURL": "i8.jpg",
    "fileName": "HotelDB.pdf",
    "taskId": 8,
    "uploadedById": 15
  },
  {
    "id": 9,
    "fileURL": "i9.jpg",
    "fileName": "TelecomUpgrade.pdf",
    "taskId": 9,
    "uploadedById": 17
  },
  {
    "id": 10,
    "fileURL": "i10.jpg",
    "fileName": "SecurityProtocol.pdf",
    "taskId": 10,
    "uploadedById": 19
  }
]
