[
  { "id": 1, "userId": 1, "taskId": 1 },
  { "id": 2, "userId": 2, "taskId": 2 },
  { "id": 3, "userId": 3, "taskId": 3 },
  { "id": 4, "userId": 4, "taskId": 4 },
  { "id": 5, "userId": 5, "taskId": 5 },
  { "id": 6, "userId": 6, "taskId": 6 },
  { "id": 7, "userId": 7, "taskId": 7 },
  { "id": 8, "userId": 8, "taskId": 8 },
  { "id": 9, "userId": 9, "taskId": 9 },
  { "id": 10, "userId": 10, "taskId": 10 },
  { "id": 11, "userId": 11, "taskId": 11 },
  { "id": 12, "userId": 12, "taskId": 12 },
  { "id": 13, "userId": 13, "taskId": 13 },
  { "id": 14, "userId": 14, "taskId": 14 },
  { "id": 15, "userId": 15, "taskId": 15 },
  { "id": 16, "userId": 16, "taskId": 16 },
  { "id": 17, "userId": 17, "taskId": 17 },
  { "id": 18, "userId": 18, "taskId": 18 },
  { "id": 19, "userId": 19, "taskId": 19 },
  { "id": 20, "userId": 20, "taskId": 20 },
  { "id": 21, "userId": 1, "taskId": 21 },
  { "id": 22, "userId": 2, "taskId": 22 },
  { "id": 23, "userId": 3, "taskId": 23 },
  { "id": 24, "userId": 4, "taskId": 24 },
  { "id": 25, "userId": 5, "taskId": 25 },
  { "id": 26, "userId": 6, "taskId": 26 },
  { "id": 27, "userId": 7, "taskId": 27 },
  { "id": 28, "userId": 8, "taskId": 28 },
  { "id": 29, "userId": 9, "taskId": 29 },
  { "id": 30, "userId": 10, "taskId": 30 }
]
