[
  {
    "teamName": "Quantum Innovations",
    "productOwnerUserId": 11,
    "projectManagerUserId": 2
  },
  {
    "teamName": "Nebula Research",
    "productOwnerUserId": 13,
    "projectManagerUserId": 4
  },
  {
    "teamName": "Orion Solutions",
    "productOwnerUserId": 15,
    "projectManagerUserId": 6
  },
  {
    "teamName": "Krypton Developments",
    "productOwnerUserId": 17,
    "projectManagerUserId": 8
  },
  {
    "teamName": "Zenith Technologies",
    "productOwnerUserId": 19,
    "projectManagerUserId": 10
  }
]
